-5	12.5
-4.9975	12.4875
-4.995	12.475
-4.9925	12.4625
-4.99	12.45
-4.9875	12.4376
-4.985	12.4251
-4.9825	12.4127
-4.98	12.4002
-4.9775	12.3878
-4.975	12.3753
-4.9725	12.3629
-4.97	12.3504
-4.9675	12.338
-4.965	12.3256
-4.9625	12.3132
-4.96	12.3008
-4.9575	12.2884
-4.955	12.276
-4.9525	12.2636
-4.95	12.2512
-4.9475	12.2389
-4.945	12.2265
-4.9425	12.2142
-4.94	12.2018
-4.9375	12.1895
-4.935	12.1771
-4.9325	12.1648
-4.93	12.1524
-4.9275	12.1401
-4.925	12.1278
-4.9225	12.1155
-4.92	12.1032
-4.9175	12.0909
-4.915	12.0786
-4.9125	12.0663
-4.91	12.054
-4.9075	12.0418
-4.905	12.0295
-4.9025	12.0173
-4.9	12.005
-4.8975	11.9928
-4.895	11.9805
-4.8925	11.9683
-4.89	11.956
-4.8875	11.9438
-4.885	11.9316
-4.8825	11.9194
-4.88	11.9072
-4.8775	11.895
-4.875	11.8828
-4.8725	11.8706
-4.87	11.8584
-4.8675	11.8463
-4.865	11.8341
-4.8625	11.822
-4.86	11.8098
-4.8575	11.7977
-4.855	11.7855
-4.8525	11.7734
-4.85	11.7612
-4.8475	11.7491
-4.845	11.737
-4.8425	11.7249
-4.84	11.7128
-4.8375	11.7007
-4.835	11.6886
-4.8325	11.6765
-4.83	11.6644
-4.8275	11.6524
-4.825	11.6403
-4.8225	11.6283
-4.82	11.6162
-4.8175	11.6042
-4.815	11.5921
-4.8125	11.5801
-4.81	11.568
-4.8075	11.556
-4.805	11.544
-4.8025	11.532
-4.8	11.52
-4.7975	11.508
-4.795	11.496
-4.7925	11.484
-4.79	11.472
-4.7875	11.4601
-4.785	11.4481
-4.7825	11.4362
-4.78	11.4242
-4.7775	11.4123
-4.775	11.4003
-4.7725	11.3884
-4.77	11.3764
-4.7675	11.3645
-4.765	11.3526
-4.7625	11.3407
-4.76	11.3288
-4.7575	11.3169
-4.755	11.305
-4.7525	11.2931
-4.75	11.2812
-4.7475	11.2694
-4.745	11.2575
-4.7425	11.2457
-4.74	11.2338
-4.7375	11.222
-4.735	11.2101
-4.7325	11.1983
-4.73	11.1864
-4.7275	11.1746
-4.725	11.1628
-4.7225	11.151
-4.72	11.1392
-4.7175	11.1274
-4.715	11.1156
-4.7125	11.1038
-4.71	11.092
-4.7075	11.0803
-4.705	11.0685
-4.7025	11.0568
-4.7	11.045
-4.6975	11.0333
-4.695	11.0215
-4.6925	11.0098
-4.69	10.998
-4.6875	10.9863
-4.685	10.9746
-4.6825	10.9629
-4.68	10.9512
-4.6775	10.9395
-4.675	10.9278
-4.6725	10.9161
-4.67	10.9044
-4.6675	10.8928
-4.665	10.8811
-4.6625	10.8695
-4.66	10.8578
-4.6575	10.8462
-4.655	10.8345
-4.6525	10.8229
-4.65	10.8112
-4.6475	10.7996
-4.645	10.788
-4.6425	10.7764
-4.64	10.7648
-4.6375	10.7532
-4.635	10.7416
-4.6325	10.73
-4.63	10.7184
-4.6275	10.7069
-4.625	10.6953
-4.6225	10.6838
-4.62	10.6722
-4.6175	10.6607
-4.615	10.6491
-4.6125	10.6376
-4.61	10.626
-4.6075	10.6145
-4.605	10.603
-4.6025	10.5915
-4.6	10.58
-4.5975	10.5685
-4.595	10.557
-4.5925	10.5455
-4.59	10.534
-4.5875	10.5226
-4.585	10.5111
-4.5825	10.4997
-4.58	10.4882
-4.5775	10.4768
-4.575	10.4653
-4.5725	10.4539
-4.57	10.4424
-4.5675	10.431
-4.565	10.4196
-4.5625	10.4082
-4.56	10.3968
-4.5575	10.3854
-4.555	10.374
-4.5525	10.3626
-4.55	10.3512
-4.5475	10.3399
-4.545	10.3285
-4.5425	10.3172
-4.54	10.3058
-4.5375	10.2945
-4.535	10.2831
-4.5325	10.2718
-4.53	10.2604
-4.5275	10.2491
-4.525	10.2378
-4.5225	10.2265
-4.52	10.2152
-4.5175	10.2039
-4.515	10.1926
-4.5125	10.1813
-4.51	10.17
-4.5075	10.1588
-4.505	10.1475
-4.5025	10.1363
-4.5	10.125
-4.4975	10.1138
-4.495	10.1025
-4.4925	10.0913
-4.49	10.08
-4.4875	10.0688
-4.485	10.0576
-4.4825	10.0464
-4.48	10.0352
-4.4775	10.024
-4.475	10.0128
-4.4725	10.0016
-4.47	9.99045
-4.4675	9.97928
-4.465	9.96811
-4.4625	9.95695
-4.46	9.9458
-4.4575	9.93465
-4.455	9.92351
-4.4525	9.91238
-4.45	9.90125
-4.4475	9.89013
-4.445	9.87901
-4.4425	9.8679
-4.44	9.8568
-4.4375	9.8457
-4.435	9.83461
-4.4325	9.82353
-4.43	9.81245
-4.4275	9.80138
-4.425	9.79031
-4.4225	9.77925
-4.42	9.7682
-4.4175	9.75715
-4.415	9.74611
-4.4125	9.73508
-4.41	9.72405
-4.4075	9.71303
-4.405	9.70201
-4.4025	9.691
-4.4	9.68
-4.3975	9.669
-4.395	9.65801
-4.3925	9.64703
-4.39	9.63605
-4.3875	9.62508
-4.385	9.61411
-4.3825	9.60315
-4.38	9.5922
-4.3775	9.58125
-4.375	9.57031
-4.3725	9.55938
-4.37	9.54845
-4.3675	9.53753
-4.365	9.52661
-4.3625	9.5157
-4.36	9.5048
-4.3575	9.4939
-4.355	9.48301
-4.3525	9.47213
-4.35	9.46125
-4.3475	9.45038
-4.345	9.43951
-4.3425	9.42865
-4.34	9.4178
-4.3375	9.40695
-4.335	9.39611
-4.3325	9.38528
-4.33	9.37445
-4.3275	9.36363
-4.325	9.35281
-4.3225	9.342
-4.32	9.3312
-4.3175	9.3204
-4.315	9.30961
-4.3125	9.29883
-4.31	9.28805
-4.3075	9.27728
-4.305	9.26651
-4.3025	9.25575
-4.3	9.245
-4.2975	9.23425
-4.295	9.22351
-4.2925	9.21278
-4.29	9.20205
-4.2875	9.19133
-4.285	9.18061
-4.2825	9.1699
-4.28	9.1592
-4.2775	9.1485
-4.275	9.13781
-4.2725	9.12713
-4.27	9.11645
-4.2675	9.10578
-4.265	9.09511
-4.2625	9.08445
-4.26	9.0738
-4.2575	9.06315
-4.255	9.05251
-4.2525	9.04188
-4.25	9.03125
-4.2475	9.02063
-4.245	9.01001
-4.2425	8.9994
-4.24	8.9888
-4.2375	8.9782
-4.235	8.96761
-4.2325	8.95703
-4.23	8.94645
-4.2275	8.93588
-4.225	8.92531
-4.2225	8.91475
-4.22	8.9042
-4.2175	8.89365
-4.215	8.88311
-4.2125	8.87258
-4.21	8.86205
-4.2075	8.85153
-4.205	8.84101
-4.2025	8.8305
-4.2	8.82
-4.1975	8.8095
-4.195	8.79901
-4.1925	8.78853
-4.19	8.77805
-4.1875	8.76758
-4.185	8.75711
-4.1825	8.74665
-4.18	8.7362
-4.1775	8.72575
-4.175	8.71531
-4.1725	8.70488
-4.17	8.69445
-4.1675	8.68403
-4.165	8.67361
-4.1625	8.6632
-4.16	8.6528
-4.1575	8.6424
-4.155	8.63201
-4.1525	8.62163
-4.15	8.61125
-4.1475	8.60088
-4.145	8.59051
-4.1425	8.58015
-4.14	8.5698
-4.1375	8.55945
-4.135	8.54911
-4.1325	8.53878
-4.13	8.52845
-4.1275	8.51813
-4.125	8.50781
-4.1225	8.4975
-4.12	8.4872
-4.1175	8.4769
-4.115	8.46661
-4.1125	8.45633
-4.11	8.44605
-4.1075	8.43578
-4.105	8.42551
-4.1025	8.41525
-4.1	8.405
-4.0975	8.39475
-4.095	8.38451
-4.0925	8.37428
-4.09	8.36405
-4.0875	8.35383
-4.085	8.34361
-4.0825	8.3334
-4.08	8.3232
-4.0775	8.313
-4.075	8.30281
-4.0725	8.29263
-4.07	8.28245
-4.0675	8.27228
-4.065	8.26211
-4.0625	8.25195
-4.06	8.2418
-4.0575	8.23165
-4.055	8.22151
-4.0525	8.21138
-4.05	8.20125
-4.0475	8.19113
-4.045	8.18101
-4.0425	8.1709
-4.04	8.1608
-4.0375	8.1507
-4.035	8.14061
-4.0325	8.13053
-4.03	8.12045
-4.0275	8.11038
-4.025	8.10031
-4.0225	8.09025
-4.02	8.0802
-4.0175	8.07015
-4.015	8.06011
-4.0125	8.05008
-4.01	8.04005
-4.0075	8.03003
-4.005	8.02001
-4.0025	8.01
-4	8
-3.9975	7.99
-3.995	7.98001
-3.9925	7.97003
-3.99	7.96005
-3.9875	7.95008
-3.985	7.94011
-3.9825	7.93015
-3.98	7.9202
-3.9775	7.91025
-3.975	7.90031
-3.9725	7.89038
-3.97	7.88045
-3.9675	7.87053
-3.965	7.86061
-3.9625	7.8507
-3.96	7.8408
-3.9575	7.8309
-3.955	7.82101
-3.9525	7.81113
-3.95	7.80125
-3.9475	7.79138
-3.945	7.78151
-3.9425	7.77165
-3.94	7.7618
-3.9375	7.75195
-3.935	7.74211
-3.9325	7.73228
-3.93	7.72245
-3.9275	7.71263
-3.925	7.70281
-3.9225	7.693
-3.92	7.6832
-3.9175	7.6734
-3.915	7.66361
-3.9125	7.65383
-3.91	7.64405
-3.9075	7.63428
-3.905	7.62451
-3.9025	7.61475
-3.9	7.605
-3.8975	7.59525
-3.895	7.58551
-3.8925	7.57578
-3.89	7.56605
-3.8875	7.55633
-3.885	7.54661
-3.8825	7.5369
-3.88	7.5272
-3.8775	7.5175
-3.875	7.50781
-3.8725	7.49813
-3.87	7.48845
-3.8675	7.47878
-3.865	7.46911
-3.8625	7.45945
-3.86	7.4498
-3.8575	7.44015
-3.855	7.43051
-3.8525	7.42088
-3.85	7.41125
-3.8475	7.40163
-3.845	7.39201
-3.8425	7.3824
-3.84	7.3728
-3.8375	7.3632
-3.835	7.35361
-3.8325	7.34403
-3.83	7.33445
-3.8275	7.32488
-3.825	7.31531
-3.8225	7.30575
-3.82	7.2962
-3.8175	7.28665
-3.815	7.27711
-3.8125	7.26758
-3.81	7.25805
-3.8075	7.24853
-3.805	7.23901
-3.8025	7.2295
-3.8	7.22
-3.7975	7.2105
-3.795	7.20101
-3.7925	7.19153
-3.79	7.18205
-3.7875	7.17258
-3.785	7.16311
-3.7825	7.15365
-3.78	7.1442
-3.7775	7.13475
-3.775	7.12531
-3.7725	7.11588
-3.77	7.10645
-3.7675	7.09703
-3.765	7.08761
-3.7625	7.0782
-3.76	7.0688
-3.7575	7.0594
-3.755	7.05001
-3.7525	7.04063
-3.75	7.03125
-3.7475	7.02188
-3.745	7.01251
-3.7425	7.00315
-3.74	6.9938
-3.7375	6.98445
-3.735	6.97511
-3.7325	6.96578
-3.73	6.95645
-3.7275	6.94713
-3.725	6.93781
-3.7225	6.9285
-3.72	6.9192
-3.7175	6.9099
-3.715	6.90061
-3.7125	6.89133
-3.71	6.88205
-3.7075	6.87278
-3.705	6.86351
-3.7025	6.85425
-3.7	6.845
-3.6975	6.83575
-3.695	6.82651
-3.6925	6.81728
-3.69	6.80805
-3.6875	6.79883
-3.685	6.78961
-3.6825	6.7804
-3.68	6.7712
-3.6775	6.762
-3.675	6.75281
-3.6725	6.74363
-3.67	6.73445
-3.6675	6.72528
-3.665	6.71611
-3.6625	6.70695
-3.66	6.6978
-3.6575	6.68865
-3.655	6.67951
-3.6525	6.67038
-3.65	6.66125
-3.6475	6.65213
-3.645	6.64301
-3.6425	6.6339
-3.64	6.6248
-3.6375	6.6157
-3.635	6.60661
-3.6325	6.59753
-3.63	6.58845
-3.6275	6.57938
-3.625	6.57031
-3.6225	6.56125
-3.62	6.5522
-3.6175	6.54315
-3.615	6.53411
-3.6125	6.52508
-3.61	6.51605
-3.6075	6.50703
-3.605	6.49801
-3.6025	6.489
-3.6	6.48
-3.5975	6.471
-3.595	6.46201
-3.5925	6.45303
-3.59	6.44405
-3.5875	6.43508
-3.585	6.42611
-3.5825	6.41715
-3.58	6.4082
-3.5775	6.39925
-3.575	6.39031
-3.5725	6.38138
-3.57	6.37245
-3.5675	6.36353
-3.565	6.35461
-3.5625	6.3457
-3.56	6.3368
-3.5575	6.3279
-3.555	6.31901
-3.5525	6.31013
-3.55	6.30125
-3.5475	6.29238
-3.545	6.28351
-3.5425	6.27465
-3.54	6.2658
-3.5375	6.25695
-3.535	6.24811
-3.5325	6.23928
-3.53	6.23045
-3.5275	6.22163
-3.525	6.21281
-3.5225	6.204
-3.52	6.1952
-3.5175	6.1864
-3.515	6.17761
-3.5125	6.16883
-3.51	6.16005
-3.5075	6.15128
-3.505	6.14251
-3.5025	6.13375
-3.5	6.125
-3.4975	6.11625
-3.495	6.10751
-3.4925	6.09878
-3.49	6.09005
-3.4875	6.08133
-3.485	6.07261
-3.4825	6.0639
-3.48	6.0552
-3.4775	6.0465
-3.475	6.03781
-3.4725	6.02913
-3.47	6.02045
-3.4675	6.01178
-3.465	6.00311
-3.4625	5.99445
-3.46	5.9858
-3.4575	5.97715
-3.455	5.96851
-3.4525	5.95988
-3.45	5.95125
-3.4475	5.94263
-3.445	5.93401
-3.4425	5.9254
-3.44	5.9168
-3.4375	5.9082
-3.435	5.89961
-3.4325	5.89103
-3.43	5.88245
-3.4275	5.87388
-3.425	5.86531
-3.4225	5.85675
-3.42	5.8482
-3.4175	5.83965
-3.415	5.83111
-3.4125	5.82258
-3.41	5.81405
-3.4075	5.80553
-3.405	5.79701
-3.4025	5.7885
-3.4	5.78
-3.3975	5.7715
-3.395	5.76301
-3.3925	5.75453
-3.39	5.74605
-3.3875	5.73758
-3.385	5.72911
-3.3825	5.72065
-3.38	5.7122
-3.3775	5.70375
-3.375	5.69531
-3.3725	5.68688
-3.37	5.67845
-3.3675	5.67003
-3.365	5.66161
-3.3625	5.6532
-3.36	5.6448
-3.3575	5.6364
-3.355	5.62801
-3.3525	5.61963
-3.35	5.61125
-3.3475	5.60288
-3.345	5.59451
-3.3425	5.58615
-3.34	5.5778
-3.3375	5.56945
-3.335	5.56111
-3.3325	5.55278
-3.33	5.54445
-3.3275	5.53613
-3.325	5.52781
-3.3225	5.5195
-3.32	5.5112
-3.3175	5.5029
-3.315	5.49461
-3.3125	5.48633
-3.31	5.47805
-3.3075	5.46978
-3.305	5.46151
-3.3025	5.45325
-3.3	5.445
-3.2975	5.43675
-3.295	5.42851
-3.2925	5.42028
-3.29	5.41205
-3.2875	5.40383
-3.285	5.39561
-3.2825	5.3874
-3.28	5.3792
-3.2775	5.371
-3.275	5.36281
-3.2725	5.35463
-3.27	5.34645
-3.2675	5.33828
-3.265	5.33011
-3.2625	5.32195
-3.26	5.3138
-3.2575	5.30565
-3.255	5.29751
-3.2525	5.28938
-3.25	5.28125
-3.2475	5.27313
-3.245	5.26501
-3.2425	5.2569
-3.24	5.2488
-3.2375	5.2407
-3.235	5.23261
-3.2325	5.22453
-3.23	5.21645
-3.2275	5.20838
-3.225	5.20031
-3.2225	5.19225
-3.22	5.1842
-3.2175	5.17615
-3.215	5.16811
-3.2125	5.16008
-3.21	5.15205
-3.2075	5.14403
-3.205	5.13601
-3.2025	5.128
-3.2	5.12
-3.1975	5.112
-3.195	5.10401
-3.1925	5.09603
-3.19	5.08805
-3.1875	5.08008
-3.185	5.07211
-3.1825	5.06415
-3.18	5.0562
-3.1775	5.04825
-3.175	5.04031
-3.1725	5.03238
-3.17	5.02445
-3.1675	5.01653
-3.165	5.00861
-3.1625	5.0007
-3.16	4.9928
-3.1575	4.9849
-3.155	4.97701
-3.1525	4.96913
-3.15	4.96125
-3.1475	4.95338
-3.145	4.94551
-3.1425	4.93765
-3.14	4.9298
-3.1375	4.92195
-3.135	4.91411
-3.1325	4.90628
-3.13	4.89845
-3.1275	4.89063
-3.125	4.88281
-3.1225	4.875
-3.12	4.8672
-3.1175	4.8594
-3.115	4.85161
-3.1125	4.84383
-3.11	4.83605
-3.1075	4.82828
-3.105	4.82051
-3.1025	4.81275
-3.1	4.805
-3.0975	4.79725
-3.095	4.78951
-3.0925	4.78178
-3.09	4.77405
-3.0875	4.76633
-3.085	4.75861
-3.0825	4.7509
-3.08	4.7432
-3.0775	4.7355
-3.075	4.72781
-3.0725	4.72013
-3.07	4.71245
-3.0675	4.70478
-3.065	4.69711
-3.0625	4.68945
-3.06	4.6818
-3.0575	4.67415
-3.055	4.66651
-3.0525	4.65888
-3.05	4.65125
-3.0475	4.64363
-3.045	4.63601
-3.0425	4.6284
-3.04	4.6208
-3.0375	4.6132
-3.035	4.60561
-3.0325	4.59803
-3.03	4.59045
-3.0275	4.58288
-3.025	4.57531
-3.0225	4.56775
-3.02	4.5602
-3.0175	4.55265
-3.015	4.54511
-3.0125	4.53758
-3.01	4.53005
-3.0075	4.52253
-3.005	4.51501
-3.0025	4.5075
-3	4.5
-2.9975	4.4925
-2.995	4.48501
-2.9925	4.47753
-2.99	4.47005
-2.9875	4.46258
-2.985	4.45511
-2.9825	4.44765
-2.98	4.4402
-2.9775	4.43275
-2.975	4.42531
-2.9725	4.41788
-2.97	4.41045
-2.9675	4.40303
-2.965	4.39561
-2.9625	4.3882
-2.96	4.3808
-2.9575	4.3734
-2.955	4.36601
-2.9525	4.35863
-2.95	4.35125
-2.9475	4.34388
-2.945	4.33651
-2.9425	4.32915
-2.94	4.3218
-2.9375	4.31445
-2.935	4.30711
-2.9325	4.29978
-2.93	4.29245
-2.9275	4.28513
-2.925	4.27781
-2.9225	4.2705
-2.92	4.2632
-2.9175	4.2559
-2.915	4.24861
-2.9125	4.24133
-2.91	4.23405
-2.9075	4.22678
-2.905	4.21951
-2.9025	4.21225
-2.9	4.205
-2.8975	4.19775
-2.895	4.19051
-2.8925	4.18328
-2.89	4.17605
-2.8875	4.16883
-2.885	4.16161
-2.8825	4.1544
-2.88	4.1472
-2.8775	4.14
-2.875	4.13281
-2.8725	4.12563
-2.87	4.11845
-2.8675	4.11128
-2.865	4.10411
-2.8625	4.09695
-2.86	4.0898
-2.8575	4.08265
-2.855	4.07551
-2.8525	4.06838
-2.85	4.06125
-2.8475	4.05413
-2.845	4.04701
-2.8425	4.0399
-2.84	4.0328
-2.8375	4.0257
-2.835	4.01861
-2.8325	4.01153
-2.83	4.00445
-2.8275	3.99738
-2.825	3.99031
-2.8225	3.98325
-2.82	3.9762
-2.8175	3.96915
-2.815	3.96211
-2.8125	3.95508
-2.81	3.94805
-2.8075	3.94103
-2.805	3.93401
-2.8025	3.927
-2.8	3.92
-2.7975	3.913
-2.795	3.90601
-2.7925	3.89903
-2.79	3.89205
-2.7875	3.88508
-2.785	3.87811
-2.7825	3.87115
-2.78	3.8642
-2.7775	3.85725
-2.775	3.85031
-2.7725	3.84338
-2.77	3.83645
-2.7675	3.82953
-2.765	3.82261
-2.7625	3.8157
-2.76	3.8088
-2.7575	3.8019
-2.755	3.79501
-2.7525	3.78813
-2.75	3.78125
-2.7475	3.77438
-2.745	3.76751
-2.7425	3.76065
-2.74	3.7538
-2.7375	3.74695
-2.735	3.74011
-2.7325	3.73328
-2.73	3.72645
-2.7275	3.71963
-2.725	3.71281
-2.7225	3.706
-2.72	3.6992
-2.7175	3.6924
-2.715	3.68561
-2.7125	3.67883
-2.71	3.67205
-2.7075	3.66528
-2.705	3.65851
-2.7025	3.65175
-2.7	3.645
-2.6975	3.63825
-2.695	3.63151
-2.6925	3.62478
-2.69	3.61805
-2.6875	3.61133
-2.685	3.60461
-2.6825	3.5979
-2.68	3.5912
-2.6775	3.5845
-2.675	3.57781
-2.6725	3.57113
-2.67	3.56445
-2.6675	3.55778
-2.665	3.55111
-2.6625	3.54445
-2.66	3.5378
-2.6575	3.53115
-2.655	3.52451
-2.6525	3.51788
-2.65	3.51125
-2.6475	3.50463
-2.645	3.49801
-2.6425	3.4914
-2.64	3.4848
-2.6375	3.4782
-2.635	3.47161
-2.6325	3.46503
-2.63	3.45845
-2.6275	3.45188
-2.625	3.44531
-2.6225	3.43875
-2.62	3.4322
-2.6175	3.42565
-2.615	3.41911
-2.6125	3.41258
-2.61	3.40605
-2.6075	3.39953
-2.605	3.39301
-2.6025	3.3865
-2.6	3.38
-2.5975	3.3735
-2.595	3.36701
-2.5925	3.36053
-2.59	3.35405
-2.5875	3.34758
-2.585	3.34111
-2.5825	3.33465
-2.58	3.3282
-2.5775	3.32175
-2.575	3.31531
-2.5725	3.30888
-2.57	3.30245
-2.5675	3.29603
-2.565	3.28961
-2.5625	3.2832
-2.56	3.2768
-2.5575	3.2704
-2.555	3.26401
-2.5525	3.25762
-2.55	3.25125
-2.5475	3.24487
-2.545	3.23851
-2.5425	3.23215
-2.54	3.2258
-2.5375	3.21945
-2.535	3.21311
-2.5325	3.20677
-2.53	3.20045
-2.5275	3.19412
-2.525	3.18781
-2.5225	3.1815
-2.52	3.1752
-2.5175	3.1689
-2.515	3.16261
-2.5125	3.15632
-2.51	3.15004
-2.5075	3.14377
-2.505	3.13751
-2.5025	3.13125
-2.5	3.12499
-2.4975	3.11875
-2.495	3.11251
-2.4925	3.10627
-2.49	3.10004
-2.4875	3.09382
-2.485	3.08761
-2.4825	3.0814
-2.48	3.07519
-2.4775	3.069
-2.475	3.0628
-2.4725	3.05662
-2.47	3.05044
-2.4675	3.04427
-2.465	3.0381
-2.4625	3.03194
-2.46	3.02579
-2.4575	3.01964
-2.455	3.0135
-2.4525	3.00737
-2.45	3.00124
-2.4475	2.99512
-2.445	2.989
-2.4425	2.98289
-2.44	2.97679
-2.4375	2.97069
-2.435	2.9646
-2.4325	2.95852
-2.43	2.95244
-2.4275	2.94637
-2.425	2.9403
-2.4225	2.93424
-2.42	2.92819
-2.4175	2.92214
-2.415	2.9161
-2.4125	2.91006
-2.41	2.90404
-2.4075	2.89801
-2.405	2.892
-2.4025	2.88599
-2.4	2.87998
-2.3975	2.87399
-2.395	2.868
-2.3925	2.86201
-2.39	2.85603
-2.3875	2.85006
-2.385	2.84409
-2.3825	2.83813
-2.38	2.83218
-2.3775	2.82623
-2.375	2.82029
-2.3725	2.81436
-2.37	2.80843
-2.3675	2.80251
-2.365	2.79659
-2.3625	2.79068
-2.36	2.78478
-2.3575	2.77888
-2.355	2.77299
-2.3525	2.7671
-2.35	2.76122
-2.3475	2.75535
-2.345	2.74949
-2.3425	2.74363
-2.34	2.73777
-2.3375	2.73192
-2.335	2.72608
-2.3325	2.72025
-2.33	2.71442
-2.3275	2.7086
-2.325	2.70278
-2.3225	2.69697
-2.32	2.69117
-2.3175	2.68537
-2.315	2.67958
-2.3125	2.67379
-2.31	2.66801
-2.3075	2.66224
-2.305	2.65647
-2.3025	2.65071
-2.3	2.64496
-2.2975	2.63921
-2.295	2.63347
-2.2925	2.62773
-2.29	2.62201
-2.2875	2.61628
-2.285	2.61057
-2.2825	2.60486
-2.28	2.59915
-2.2775	2.59345
-2.275	2.58776
-2.2725	2.58208
-2.27	2.5764
-2.2675	2.57072
-2.265	2.56506
-2.2625	2.5594
-2.26	2.55374
-2.2575	2.54809
-2.255	2.54245
-2.2525	2.53682
-2.25	2.53119
-2.2475	2.52556
-2.245	2.51995
-2.2425	2.51433
-2.24	2.50873
-2.2375	2.50313
-2.235	2.49754
-2.2325	2.49195
-2.23	2.48637
-2.2275	2.4808
-2.225	2.47523
-2.2225	2.46967
-2.22	2.46412
-2.2175	2.45857
-2.215	2.45303
-2.2125	2.44749
-2.21	2.44196
-2.2075	2.43643
-2.205	2.43092
-2.2025	2.42541
-2.2	2.4199
-2.1975	2.4144
-2.195	2.40891
-2.1925	2.40342
-2.19	2.39794
-2.1875	2.39247
-2.185	2.387
-2.1825	2.38154
-2.18	2.37608
-2.1775	2.37063
-2.175	2.36519
-2.1725	2.35975
-2.17	2.35432
-2.1675	2.3489
-2.165	2.34348
-2.1625	2.33806
-2.16	2.33266
-2.1575	2.32726
-2.155	2.32186
-2.1525	2.31648
-2.15	2.3111
-2.1475	2.30572
-2.145	2.30035
-2.1425	2.29499
-2.14	2.28963
-2.1375	2.28428
-2.135	2.27894
-2.1325	2.2736
-2.13	2.26827
-2.1275	2.26294
-2.125	2.25762
-2.1225	2.25231
-2.12	2.247
-2.1175	2.2417
-2.115	2.2364
-2.1125	2.23112
-2.11	2.22583
-2.1075	2.22056
-2.105	2.21529
-2.1025	2.21002
-2.1	2.20476
-2.0975	2.19951
-2.095	2.19427
-2.0925	2.18903
-2.09	2.18379
-2.0875	2.17857
-2.085	2.17335
-2.0825	2.16813
-2.08	2.16292
-2.0775	2.15772
-2.075	2.15252
-2.0725	2.14733
-2.07	2.14215
-2.0675	2.13697
-2.065	2.1318
-2.0625	2.12663
-2.06	2.12147
-2.0575	2.11632
-2.055	2.11117
-2.0525	2.10603
-2.05	2.10089
-2.0475	2.09576
-2.045	2.09064
-2.0425	2.08552
-2.04	2.08041
-2.0375	2.07531
-2.035	2.07021
-2.0325	2.06512
-2.03	2.06003
-2.0275	2.05495
-2.025	2.04987
-2.0225	2.04481
-2.02	2.03974
-2.0175	2.03469
-2.015	2.02964
-2.0125	2.02459
-2.01	2.01956
-2.0075	2.01452
-2.005	2.0095
-2.0025	2.00448
-2	1.99946
-1.9975	1.99446
-1.995	1.98946
-1.9925	1.98446
-1.99	1.97947
-1.9875	1.97449
-1.985	1.96951
-1.9825	1.96454
-1.98	1.95957
-1.9775	1.95461
-1.975	1.94966
-1.9725	1.94471
-1.97	1.93977
-1.9675	1.93484
-1.965	1.92991
-1.9625	1.92498
-1.96	1.92007
-1.9575	1.91515
-1.955	1.91025
-1.9525	1.90535
-1.95	1.90046
-1.9475	1.89557
-1.945	1.89069
-1.9425	1.88581
-1.94	1.88094
-1.9375	1.87608
-1.935	1.87122
-1.9325	1.86637
-1.93	1.86152
-1.9275	1.85668
-1.925	1.85185
-1.9225	1.84702
-1.92	1.8422
-1.9175	1.83738
-1.915	1.83257
-1.9125	1.82777
-1.91	1.82297
-1.9075	1.81818
-1.905	1.81339
-1.9025	1.80861
-1.9	1.80383
-1.8975	1.79906
-1.895	1.7943
-1.8925	1.78954
-1.89	1.78479
-1.8875	1.78004
-1.885	1.7753
-1.8825	1.77057
-1.88	1.76584
-1.8775	1.76112
-1.875	1.7564
-1.8725	1.75169
-1.87	1.74699
-1.8675	1.74229
-1.865	1.73759
-1.8625	1.7329
-1.86	1.72822
-1.8575	1.72355
-1.855	1.71888
-1.8525	1.71421
-1.85	1.70955
-1.8475	1.7049
-1.845	1.70025
-1.8425	1.69561
-1.84	1.69097
-1.8375	1.68634
-1.835	1.68171
-1.8325	1.6771
-1.83	1.67248
-1.8275	1.66787
-1.825	1.66327
-1.8225	1.65867
-1.82	1.65408
-1.8175	1.6495
-1.815	1.64492
-1.8125	1.64034
-1.81	1.63577
-1.8075	1.63121
-1.805	1.62665
-1.8025	1.6221
-1.8	1.61755
-1.7975	1.61301
-1.795	1.60848
-1.7925	1.60395
-1.79	1.59942
-1.7875	1.5949
-1.785	1.59039
-1.7825	1.58588
-1.78	1.58138
-1.7775	1.57688
-1.775	1.57239
-1.7725	1.5679
-1.77	1.56342
-1.7675	1.55894
-1.765	1.55447
-1.7625	1.55001
-1.76	1.54555
-1.7575	1.54109
-1.755	1.53664
-1.7525	1.5322
-1.75	1.52776
-1.7475	1.52333
-1.745	1.5189
-1.7425	1.51447
-1.74	1.51006
-1.7375	1.50564
-1.735	1.50124
-1.7325	1.49683
-1.73	1.49244
-1.7275	1.48805
-1.725	1.48366
-1.7225	1.47928
-1.72	1.4749
-1.7175	1.47053
-1.715	1.46616
-1.7125	1.4618
-1.71	1.45745
-1.7075	1.45309
-1.705	1.44875
-1.7025	1.44441
-1.7	1.44007
-1.6975	1.43574
-1.695	1.43141
-1.6925	1.42709
-1.69	1.42278
-1.6875	1.41846
-1.685	1.41416
-1.6825	1.40985
-1.68	1.40556
-1.6775	1.40127
-1.675	1.39698
-1.6725	1.39269
-1.67	1.38842
-1.6675	1.38414
-1.665	1.37987
-1.6625	1.37561
-1.66	1.37135
-1.6575	1.3671
-1.655	1.36285
-1.6525	1.3586
-1.65	1.35436
-1.6475	1.35012
-1.645	1.34589
-1.6425	1.34166
-1.64	1.33744
-1.6375	1.33322
-1.635	1.32901
-1.6325	1.3248
-1.63	1.32059
-1.6275	1.31639
-1.625	1.3122
-1.6225	1.308
-1.62	1.30382
-1.6175	1.29963
-1.615	1.29545
-1.6125	1.29128
-1.61	1.28711
-1.6075	1.28294
-1.605	1.27878
-1.6025	1.27462
-1.6	1.27046
-1.5975	1.26631
-1.595	1.26217
-1.5925	1.25802
-1.59	1.25389
-1.5875	1.24975
-1.585	1.24562
-1.5825	1.24149
-1.58	1.23737
-1.5775	1.23325
-1.575	1.22914
-1.5725	1.22502
-1.57	1.22092
-1.5675	1.21681
-1.565	1.21271
-1.5625	1.20861
-1.56	1.20452
-1.5575	1.20043
-1.555	1.19634
-1.5525	1.19226
-1.55	1.18818
-1.5475	1.18411
-1.545	1.18003
-1.5425	1.17597
-1.54	1.1719
-1.5375	1.16784
-1.535	1.16378
-1.5325	1.15972
-1.53	1.15567
-1.5275	1.15162
-1.525	1.14757
-1.5225	1.14353
-1.52	1.13949
-1.5175	1.13545
-1.515	1.13142
-1.5125	1.12739
-1.51	1.12336
-1.5075	1.11933
-1.505	1.11531
-1.5025	1.11129
-1.5	1.10727
-1.4975	1.10326
-1.495	1.09925
-1.4925	1.09524
-1.49	1.09123
-1.4875	1.08723
-1.485	1.08322
-1.4825	1.07923
-1.48	1.07523
-1.4775	1.07123
-1.475	1.06724
-1.4725	1.06325
-1.47	1.05926
-1.4675	1.05528
-1.465	1.0513
-1.4625	1.04732
-1.46	1.04334
-1.4575	1.03936
-1.455	1.03538
-1.4525	1.03141
-1.45	1.02744
-1.4475	1.02347
-1.445	1.0195
-1.4425	1.01554
-1.44	1.01157
-1.4375	1.00761
-1.435	1.00365
-1.4325	0.99969
-1.43	0.995733
-1.4275	0.991776
-1.425	0.987821
-1.4225	0.983868
-1.42	0.979916
-1.4175	0.975965
-1.415	0.972015
-1.4125	0.968066
-1.41	0.964119
-1.4075	0.960172
-1.405	0.956226
-1.4025	0.952282
-1.4	0.948338
-1.3975	0.944395
-1.395	0.940453
-1.3925	0.936512
-1.39	0.932571
-1.3875	0.928631
-1.385	0.924692
-1.3825	0.920753
-1.38	0.916814
-1.3775	0.912876
-1.375	0.908938
-1.3725	0.905001
-1.37	0.901063
-1.3675	0.897126
-1.365	0.893189
-1.3625	0.889252
-1.36	0.885315
-1.3575	0.881378
-1.355	0.877441
-1.3525	0.873504
-1.35	0.869566
-1.3475	0.865628
-1.345	0.86169
-1.3425	0.857751
-1.34	0.853812
-1.3375	0.849873
-1.335	0.845932
-1.3325	0.841991
-1.33	0.838049
-1.3275	0.834107
-1.325	0.830164
-1.3225	0.826219
-1.32	0.822274
-1.3175	0.818328
-1.315	0.81438
-1.3125	0.810431
-1.31	0.806481
-1.3075	0.80253
-1.305	0.798578
-1.3025	0.794624
-1.3	0.790668
-1.2975	0.786711
-1.295	0.782752
-1.2925	0.778792
-1.29	0.77483
-1.2875	0.770865
-1.285	0.7669
-1.2825	0.762932
-1.28	0.758962
-1.2775	0.754989
-1.275	0.751015
-1.2725	0.747039
-1.27	0.74306
-1.2675	0.739078
-1.265	0.735095
-1.2625	0.731108
-1.26	0.72712
-1.2575	0.723128
-1.255	0.719134
-1.2525	0.715137
-1.25	0.711137
-1.2475	0.707134
-1.245	0.703128
-1.2425	0.699119
-1.24	0.695107
-1.2375	0.691091
-1.235	0.687073
-1.2325	0.68305
-1.23	0.679025
-1.2275	0.674996
-1.225	0.670963
-1.2225	0.666927
-1.22	0.662887
-1.2175	0.658843
-1.215	0.654795
-1.2125	0.650743
-1.21	0.646687
-1.2075	0.642627
-1.205	0.638563
-1.2025	0.634495
-1.2	0.630422
-1.1975	0.626345
-1.195	0.622263
-1.1925	0.618177
-1.19	0.614086
-1.1875	0.609991
-1.185	0.60589
-1.1825	0.601785
-1.18	0.597675
-1.1775	0.59356
-1.175	0.58944
-1.1725	0.585314
-1.17	0.581184
-1.1675	0.577048
-1.165	0.572907
-1.1625	0.56876
-1.16	0.564608
-1.1575	0.56045
-1.155	0.556286
-1.1525	0.552117
-1.15	0.547942
-1.1475	0.543761
-1.145	0.539574
-1.1425	0.535381
-1.14	0.531182
-1.1375	0.526976
-1.135	0.522765
-1.1325	0.518547
-1.13	0.514322
-1.1275	0.510091
-1.125	0.505854
-1.1225	0.50161
-1.12	0.497359
-1.1175	0.493101
-1.115	0.488837
-1.1125	0.484565
-1.11	0.480287
-1.1075	0.476001
-1.105	0.471709
-1.1025	0.467409
-1.1	0.463102
-1.0975	0.458787
-1.095	0.454465
-1.0925	0.450135
-1.09	0.445798
-1.0875	0.441454
-1.085	0.437101
-1.0825	0.432741
-1.08	0.428373
-1.0775	0.423996
-1.075	0.419612
-1.0725	0.41522
-1.07	0.41082
-1.0675	0.406411
-1.065	0.401994
-1.0625	0.397569
-1.06	0.393136
-1.0575	0.388693
-1.055	0.384243
-1.0525	0.379784
-1.05	0.375316
-1.0475	0.370839
-1.045	0.366353
-1.0425	0.361859
-1.04	0.357356
-1.0375	0.352843
-1.035	0.348322
-1.0325	0.343791
-1.03	0.339252
-1.0275	0.334703
-1.025	0.330144
-1.0225	0.325577
-1.02	0.321
-1.0175	0.316413
-1.015	0.311817
-1.0125	0.307211
-1.01	0.302596
-1.0075	0.297971
-1.005	0.293336
-1.0025	0.288691
-1	0.284036
-0.9975	0.279372
-0.995	0.274697
-0.9925	0.270012
-0.99	0.265317
-0.9875	0.260612
-0.985	0.255897
-0.9825	0.251172
-0.98	0.246436
-0.9775	0.24169
-0.975	0.236934
-0.9725	0.232167
-0.97	0.227389
-0.9675	0.222601
-0.965	0.217803
-0.9625	0.212994
-0.96	0.208174
-0.9575	0.203343
-0.955	0.198502
-0.9525	0.19365
-0.95	0.188787
-0.9475	0.183913
-0.945	0.179028
-0.9425	0.174132
-0.94	0.169226
-0.9375	0.164308
-0.935	0.159379
-0.9325	0.154439
-0.93	0.149488
-0.9275	0.144526
-0.925	0.139553
-0.9225	0.134568
-0.92	0.129573
-0.9175	0.124566
-0.915	0.119547
-0.9125	0.114518
-0.91	0.109477
-0.9075	0.104425
-0.905	0.0993609
-0.9025	0.0942859
-0.9	0.0891994
-0.8975	0.0841014
-0.895	0.0789921
-0.8925	0.0738712
-0.89	0.0687389
-0.8875	0.0635951
-0.885	0.0584398
-0.8825	0.0532729
-0.88	0.0480946
-0.8775	0.0429047
-0.875	0.0377032
-0.8725	0.0324902
-0.87	0.0272657
-0.8675	0.0220296
-0.865	0.016782
-0.8625	0.0115228
-0.86	0.00625208
-0.8575	0.000969798
-0.855	-0.00432403
-0.8525	-0.0096294
-0.85	-0.0149463
-0.8475	-0.0202747
-0.845	-0.0256147
-0.8425	-0.0309661
-0.84	-0.0363291
-0.8375	-0.0417035
-0.835	-0.0470894
-0.8325	-0.0524867
-0.83	-0.0578955
-0.8275	-0.0633156
-0.825	-0.0687472
-0.8225	-0.0741901
-0.82	-0.0796444
-0.8175	-0.08511
-0.815	-0.0905868
-0.8125	-0.0960749
-0.81	-0.101574
-0.8075	-0.107085
-0.805	-0.112607
-0.8025	-0.118139
-0.8	-0.123683
-0.7975	-0.129238
-0.795	-0.134804
-0.7925	-0.140381
-0.79	-0.145969
-0.7875	-0.151568
-0.785	-0.157178
-0.7825	-0.162798
-0.78	-0.168429
-0.7775	-0.174071
-0.775	-0.179724
-0.7725	-0.185387
-0.77	-0.19106
-0.7675	-0.196744
-0.765	-0.202439
-0.7625	-0.208143
-0.76	-0.213859
-0.7575	-0.219584
-0.755	-0.225319
-0.7525	-0.231065
-0.75	-0.23682
-0.7475	-0.242586
-0.745	-0.248361
-0.7425	-0.254146
-0.74	-0.259941
-0.7375	-0.265746
-0.735	-0.27156
-0.7325	-0.277383
-0.73	-0.283216
-0.7275	-0.289058
-0.725	-0.29491
-0.7225	-0.30077
-0.72	-0.30664
-0.7175	-0.312518
-0.715	-0.318406
-0.7125	-0.324302
-0.71	-0.330207
-0.7075	-0.33612
-0.705	-0.342042
-0.7025	-0.347972
-0.7	-0.35391
-0.6975	-0.359856
-0.695	-0.365811
-0.6925	-0.371773
-0.69	-0.377743
-0.6875	-0.383721
-0.685	-0.389706
-0.6825	-0.395699
-0.68	-0.401699
-0.6775	-0.407706
-0.675	-0.413721
-0.6725	-0.419742
-0.67	-0.42577
-0.6675	-0.431805
-0.665	-0.437846
-0.6625	-0.443894
-0.66	-0.449948
-0.6575	-0.456008
-0.655	-0.462075
-0.6525	-0.468147
-0.65	-0.474224
-0.6475	-0.480308
-0.645	-0.486396
-0.6425	-0.492491
-0.64	-0.49859
-0.6375	-0.504694
-0.635	-0.510803
-0.6325	-0.516917
-0.63	-0.523035
-0.6275	-0.529157
-0.625	-0.535284
-0.6225	-0.541415
-0.62	-0.547549
-0.6175	-0.553687
-0.615	-0.559829
-0.6125	-0.565974
-0.61	-0.572123
-0.6075	-0.578274
-0.605	-0.584428
-0.6025	-0.590585
-0.6	-0.596744
-0.5975	-0.602906
-0.595	-0.609069
-0.5925	-0.615235
-0.59	-0.621402
-0.5875	-0.627571
-0.585	-0.633742
-0.5825	-0.639913
-0.58	-0.646086
-0.5775	-0.652259
-0.575	-0.658433
-0.5725	-0.664607
-0.57	-0.670781
-0.5675	-0.676956
-0.565	-0.68313
-0.5625	-0.689303
-0.56	-0.695477
-0.5575	-0.701649
-0.555	-0.70782
-0.5525	-0.71399
-0.55	-0.720159
-0.5475	-0.726326
-0.545	-0.732491
-0.5425	-0.738653
-0.54	-0.744814
-0.5375	-0.750972
-0.535	-0.757127
-0.5325	-0.763279
-0.53	-0.769429
-0.5275	-0.775574
-0.525	-0.781716
-0.5225	-0.787854
-0.52	-0.793988
-0.5175	-0.800118
-0.515	-0.806243
-0.5125	-0.812363
-0.51	-0.818478
-0.5075	-0.824588
-0.505	-0.830692
-0.5025	-0.83679
-0.5	-0.842883
-0.4975	-0.848969
-0.495	-0.855049
-0.4925	-0.861122
-0.49	-0.867188
-0.4875	-0.873247
-0.485	-0.879298
-0.4825	-0.885342
-0.48	-0.891377
-0.4775	-0.897405
-0.475	-0.903424
-0.4725	-0.909434
-0.47	-0.915435
-0.4675	-0.921427
-0.465	-0.92741
-0.4625	-0.933382
-0.46	-0.939345
-0.4575	-0.945298
-0.455	-0.95124
-0.4525	-0.957171
-0.45	-0.963091
-0.4475	-0.969
-0.445	-0.974897
-0.4425	-0.980783
-0.44	-0.986656
-0.4375	-0.992517
-0.435	-0.998365
-0.4325	-1.0042
-0.43	-1.01002
-0.4275	-1.01583
-0.425	-1.02163
-0.4225	-1.02741
-0.42	-1.03318
-0.4175	-1.03893
-0.415	-1.04467
-0.4125	-1.05039
-0.41	-1.0561
-0.4075	-1.06179
-0.405	-1.06746
-0.4025	-1.07312
-0.4	-1.07877
-0.3975	-1.08439
-0.395	-1.09
-0.3925	-1.0956
-0.39	-1.10117
-0.3875	-1.10673
-0.385	-1.11227
-0.3825	-1.11779
-0.38	-1.12329
-0.3775	-1.12877
-0.375	-1.13424
-0.3725	-1.13968
-0.37	-1.14511
-0.3675	-1.15051
-0.365	-1.1559
-0.3625	-1.16126
-0.36	-1.16661
-0.3575	-1.17193
-0.355	-1.17723
-0.3525	-1.18251
-0.35	-1.18777
-0.3475	-1.193
-0.345	-1.19821
-0.3425	-1.2034
-0.34	-1.20857
-0.3375	-1.21372
-0.335	-1.21884
-0.3325	-1.22393
-0.33	-1.22901
-0.3275	-1.23405
-0.325	-1.23908
-0.3225	-1.24408
-0.32	-1.24905
-0.3175	-1.254
-0.315	-1.25892
-0.3125	-1.26382
-0.31	-1.26869
-0.3075	-1.27353
-0.305	-1.27835
-0.3025	-1.28314
-0.3	-1.2879
-0.2975	-1.29263
-0.295	-1.29734
-0.2925	-1.30202
-0.29	-1.30667
-0.2875	-1.31129
-0.285	-1.31588
-0.2825	-1.32045
-0.28	-1.32498
-0.2775	-1.32949
-0.275	-1.33396
-0.2725	-1.33841
-0.27	-1.34282
-0.2675	-1.34721
-0.265	-1.35156
-0.2625	-1.35588
-0.26	-1.36017
-0.2575	-1.36443
-0.255	-1.36866
-0.2525	-1.37285
-0.25	-1.37701
-0.2475	-1.38114
-0.245	-1.38524
-0.2425	-1.3893
-0.24	-1.39333
-0.2375	-1.39733
-0.235	-1.40129
-0.2325	-1.40522
-0.23	-1.40911
-0.2275	-1.41297
-0.225	-1.4168
-0.2225	-1.42059
-0.22	-1.42434
-0.2175	-1.42806
-0.215	-1.43174
-0.2125	-1.43539
-0.21	-1.439
-0.2075	-1.44258
-0.205	-1.44611
-0.2025	-1.44962
-0.2	-1.45308
-0.1975	-1.45651
-0.195	-1.4599
-0.1925	-1.46325
-0.19	-1.46657
-0.1875	-1.46984
-0.185	-1.47308
-0.1825	-1.47628
-0.18	-1.47944
-0.1775	-1.48257
-0.175	-1.48565
-0.1725	-1.48869
-0.17	-1.4917
-0.1675	-1.49466
-0.165	-1.49759
-0.1625	-1.50048
-0.16	-1.50332
-0.1575	-1.50613
-0.155	-1.50889
-0.1525	-1.51162
-0.15	-1.5143
-0.1475	-1.51694
-0.145	-1.51955
-0.1425	-1.52211
-0.14	-1.52463
-0.1375	-1.5271
-0.135	-1.52954
-0.1325	-1.53193
-0.13	-1.53428
-0.1275	-1.53659
-0.125	-1.53886
-0.1225	-1.54108
-0.12	-1.54327
-0.1175	-1.54541
-0.115	-1.5475
-0.1125	-1.54956
-0.11	-1.55157
-0.1075	-1.55353
-0.105	-1.55546
-0.1025	-1.55733
-0.1	-1.55917
-0.0975	-1.56096
-0.095	-1.56271
-0.0925	-1.56442
-0.09	-1.56608
-0.0875	-1.56769
-0.085	-1.56926
-0.0825	-1.57079
-0.08	-1.57227
-0.0775	-1.57371
-0.075	-1.5751
-0.0725	-1.57645
-0.07	-1.57776
-0.0675	-1.57902
-0.065	-1.58023
-0.0625	-1.5814
-0.06	-1.58252
-0.0575	-1.5836
-0.055	-1.58463
-0.0525	-1.58562
-0.05	-1.58656
-0.0475	-1.58746
-0.045	-1.58831
-0.0425	-1.58911
-0.04	-1.58987
-0.0375	-1.59058
-0.035	-1.59125
-0.0325	-1.59187
-0.03	-1.59245
-0.0275	-1.59298
-0.025	-1.59346
-0.0225	-1.5939
-0.02	-1.59429
-0.0175	-1.59464
-0.015	-1.59494
-0.0125	-1.59519
-0.01	-1.5954
-0.0075	-1.59556
-0.005	-1.59568
-0.0025	-1.59575
8.17341e-14	-1.59577
0.0025	-1.59575
0.005	-1.59568
0.0075	-1.59556
0.01	-1.5954
0.0125	-1.59519
0.015	-1.59494
0.0175	-1.59464
0.02	-1.59429
0.0225	-1.5939
0.025	-1.59346
0.0275	-1.59298
0.03	-1.59245
0.0325	-1.59187
0.035	-1.59125
0.0375	-1.59058
0.04	-1.58987
0.0425	-1.58911
0.045	-1.58831
0.0475	-1.58746
0.05	-1.58656
0.0525	-1.58562
0.055	-1.58463
0.0575	-1.5836
0.06	-1.58252
0.0625	-1.5814
0.065	-1.58023
0.0675	-1.57902
0.07	-1.57776
0.0725	-1.57645
0.075	-1.5751
0.0775	-1.57371
0.08	-1.57227
0.0825	-1.57079
0.085	-1.56926
0.0875	-1.56769
0.09	-1.56608
0.0925	-1.56442
0.095	-1.56271
0.0975	-1.56096
0.1	-1.55917
0.1025	-1.55733
0.105	-1.55546
0.1075	-1.55353
0.11	-1.55157
0.1125	-1.54956
0.115	-1.5475
0.1175	-1.54541
0.12	-1.54327
0.1225	-1.54108
0.125	-1.53886
0.1275	-1.53659
0.13	-1.53428
0.1325	-1.53193
0.135	-1.52954
0.1375	-1.5271
0.14	-1.52463
0.1425	-1.52211
0.145	-1.51955
0.1475	-1.51694
0.15	-1.5143
0.1525	-1.51162
0.155	-1.50889
0.1575	-1.50613
0.16	-1.50332
0.1625	-1.50048
0.165	-1.49759
0.1675	-1.49466
0.17	-1.4917
0.1725	-1.48869
0.175	-1.48565
0.1775	-1.48257
0.18	-1.47944
0.1825	-1.47628
0.185	-1.47308
0.1875	-1.46984
0.19	-1.46657
0.1925	-1.46325
0.195	-1.4599
0.1975	-1.45651
0.2	-1.45308
0.2025	-1.44962
0.205	-1.44611
0.2075	-1.44258
0.21	-1.439
0.2125	-1.43539
0.215	-1.43174
0.2175	-1.42806
0.22	-1.42434
0.2225	-1.42059
0.225	-1.4168
0.2275	-1.41297
0.23	-1.40911
0.2325	-1.40522
0.235	-1.40129
0.2375	-1.39733
0.24	-1.39333
0.2425	-1.3893
0.245	-1.38524
0.2475	-1.38114
0.25	-1.37701
0.2525	-1.37285
0.255	-1.36866
0.2575	-1.36443
0.26	-1.36017
0.2625	-1.35588
0.265	-1.35156
0.2675	-1.34721
0.27	-1.34282
0.2725	-1.33841
0.275	-1.33396
0.2775	-1.32949
0.28	-1.32498
0.2825	-1.32045
0.285	-1.31588
0.2875	-1.31129
0.29	-1.30667
0.2925	-1.30202
0.295	-1.29734
0.2975	-1.29263
0.3	-1.2879
0.3025	-1.28314
0.305	-1.27835
0.3075	-1.27353
0.31	-1.26869
0.3125	-1.26382
0.315	-1.25892
0.3175	-1.254
0.32	-1.24905
0.3225	-1.24408
0.325	-1.23908
0.3275	-1.23405
0.33	-1.22901
0.3325	-1.22393
0.335	-1.21884
0.3375	-1.21372
0.34	-1.20857
0.3425	-1.2034
0.345	-1.19821
0.3475	-1.193
0.35	-1.18777
0.3525	-1.18251
0.355	-1.17723
0.3575	-1.17193
0.36	-1.16661
0.3625	-1.16126
0.365	-1.1559
0.3675	-1.15051
0.37	-1.14511
0.3725	-1.13968
0.375	-1.13424
0.3775	-1.12877
0.38	-1.12329
0.3825	-1.11779
0.385	-1.11227
0.3875	-1.10673
0.39	-1.10117
0.3925	-1.0956
0.395	-1.09
0.3975	-1.08439
0.4	-1.07877
0.4025	-1.07312
0.405	-1.06746
0.4075	-1.06179
0.41	-1.0561
0.4125	-1.05039
0.415	-1.04467
0.4175	-1.03893
0.42	-1.03318
0.4225	-1.02741
0.425	-1.02163
0.4275	-1.01583
0.43	-1.01002
0.4325	-1.0042
0.435	-0.998365
0.4375	-0.992517
0.44	-0.986656
0.4425	-0.980783
0.445	-0.974897
0.4475	-0.969
0.45	-0.963091
0.4525	-0.957171
0.455	-0.95124
0.4575	-0.945298
0.46	-0.939345
0.4625	-0.933382
0.465	-0.92741
0.4675	-0.921427
0.47	-0.915435
0.4725	-0.909434
0.475	-0.903424
0.4775	-0.897405
0.48	-0.891377
0.4825	-0.885342
0.485	-0.879298
0.4875	-0.873247
0.49	-0.867188
0.4925	-0.861122
0.495	-0.855049
0.4975	-0.848969
0.5	-0.842883
0.5025	-0.83679
0.505	-0.830692
0.5075	-0.824588
0.51	-0.818478
0.5125	-0.812363
0.515	-0.806243
0.5175	-0.800118
0.52	-0.793988
0.5225	-0.787854
0.525	-0.781716
0.5275	-0.775574
0.53	-0.769429
0.5325	-0.763279
0.535	-0.757127
0.5375	-0.750972
0.54	-0.744814
0.5425	-0.738653
0.545	-0.732491
0.5475	-0.726326
0.55	-0.720159
0.5525	-0.71399
0.555	-0.70782
0.5575	-0.701649
0.56	-0.695477
0.5625	-0.689303
0.565	-0.68313
0.5675	-0.676956
0.57	-0.670781
0.5725	-0.664607
0.575	-0.658433
0.5775	-0.652259
0.58	-0.646086
0.5825	-0.639913
0.585	-0.633742
0.5875	-0.627571
0.59	-0.621402
0.5925	-0.615235
0.595	-0.609069
0.5975	-0.602906
0.6	-0.596744
0.6025	-0.590585
0.605	-0.584428
0.6075	-0.578274
0.61	-0.572123
0.6125	-0.565974
0.615	-0.559829
0.6175	-0.553687
0.62	-0.547549
0.6225	-0.541415
0.625	-0.535284
0.6275	-0.529157
0.63	-0.523035
0.6325	-0.516917
0.635	-0.510803
0.6375	-0.504694
0.64	-0.49859
0.6425	-0.492491
0.645	-0.486396
0.6475	-0.480308
0.65	-0.474224
0.6525	-0.468147
0.655	-0.462075
0.6575	-0.456008
0.66	-0.449948
0.6625	-0.443894
0.665	-0.437846
0.6675	-0.431805
0.67	-0.42577
0.6725	-0.419742
0.675	-0.413721
0.6775	-0.407706
0.68	-0.401699
0.6825	-0.395699
0.685	-0.389706
0.6875	-0.383721
0.69	-0.377743
0.6925	-0.371773
0.695	-0.365811
0.6975	-0.359856
0.7	-0.35391
0.7025	-0.347972
0.705	-0.342042
0.7075	-0.33612
0.71	-0.330207
0.7125	-0.324302
0.715	-0.318406
0.7175	-0.312518
0.72	-0.30664
0.7225	-0.30077
0.725	-0.29491
0.7275	-0.289058
0.73	-0.283216
0.7325	-0.277383
0.735	-0.27156
0.7375	-0.265746
0.74	-0.259941
0.7425	-0.254146
0.745	-0.248361
0.7475	-0.242586
0.75	-0.23682
0.7525	-0.231065
0.755	-0.225319
0.7575	-0.219584
0.76	-0.213859
0.7625	-0.208143
0.765	-0.202439
0.7675	-0.196744
0.77	-0.19106
0.7725	-0.185387
0.775	-0.179724
0.7775	-0.174071
0.78	-0.168429
0.7825	-0.162798
0.785	-0.157178
0.7875	-0.151568
0.79	-0.145969
0.7925	-0.140381
0.795	-0.134804
0.7975	-0.129238
0.8	-0.123683
0.8025	-0.118139
0.805	-0.112607
0.8075	-0.107085
0.81	-0.101574
0.8125	-0.0960749
0.815	-0.0905868
0.8175	-0.08511
0.82	-0.0796444
0.8225	-0.0741901
0.825	-0.0687472
0.8275	-0.0633156
0.83	-0.0578955
0.8325	-0.0524867
0.835	-0.0470894
0.8375	-0.0417035
0.84	-0.0363291
0.8425	-0.0309661
0.845	-0.0256147
0.8475	-0.0202747
0.85	-0.0149463
0.8525	-0.0096294
0.855	-0.00432403
0.8575	0.000969798
0.86	0.00625208
0.8625	0.0115228
0.865	0.016782
0.8675	0.0220296
0.87	0.0272657
0.8725	0.0324902
0.875	0.0377032
0.8775	0.0429047
0.88	0.0480946
0.8825	0.0532729
0.885	0.0584398
0.8875	0.0635951
0.89	0.0687389
0.8925	0.0738712
0.895	0.0789921
0.8975	0.0841014
0.9	0.0891994
0.9025	0.0942859
0.905	0.0993609
0.9075	0.104425
0.91	0.109477
0.9125	0.114518
0.915	0.119547
0.9175	0.124566
0.92	0.129573
0.9225	0.134568
0.925	0.139553
0.9275	0.144526
0.93	0.149488
0.9325	0.154439
0.935	0.159379
0.9375	0.164308
0.94	0.169226
0.9425	0.174132
0.945	0.179028
0.9475	0.183913
0.95	0.188787
0.9525	0.19365
0.955	0.198502
0.9575	0.203343
0.96	0.208174
0.9625	0.212994
0.965	0.217803
0.9675	0.222601
0.97	0.227389
0.9725	0.232167
0.975	0.236934
0.9775	0.24169
0.98	0.246436
0.9825	0.251172
0.985	0.255897
0.9875	0.260612
0.99	0.265317
0.9925	0.270012
0.995	0.274697
0.9975	0.279372
1	0.284036
1.0025	0.288691
1.005	0.293336
1.0075	0.297971
1.01	0.302596
1.0125	0.307211
1.015	0.311817
1.0175	0.316413
1.02	0.321
1.0225	0.325577
1.025	0.330144
1.0275	0.334703
1.03	0.339252
1.0325	0.343791
1.035	0.348322
1.0375	0.352843
1.04	0.357356
1.0425	0.361859
1.045	0.366353
1.0475	0.370839
1.05	0.375316
1.0525	0.379784
1.055	0.384243
1.0575	0.388693
1.06	0.393136
1.0625	0.397569
1.065	0.401994
1.0675	0.406411
1.07	0.41082
1.0725	0.41522
1.075	0.419612
1.0775	0.423996
1.08	0.428373
1.0825	0.432741
1.085	0.437101
1.0875	0.441454
1.09	0.445798
1.0925	0.450135
1.095	0.454465
1.0975	0.458787
1.1	0.463102
1.1025	0.467409
1.105	0.471709
1.1075	0.476001
1.11	0.480287
1.1125	0.484565
1.115	0.488837
1.1175	0.493101
1.12	0.497359
1.1225	0.50161
1.125	0.505854
1.1275	0.510091
1.13	0.514322
1.1325	0.518547
1.135	0.522765
1.1375	0.526976
1.14	0.531182
1.1425	0.535381
1.145	0.539574
1.1475	0.543761
1.15	0.547942
1.1525	0.552117
1.155	0.556286
1.1575	0.56045
1.16	0.564608
1.1625	0.56876
1.165	0.572907
1.1675	0.577048
1.17	0.581184
1.1725	0.585314
1.175	0.58944
1.1775	0.59356
1.18	0.597675
1.1825	0.601785
1.185	0.60589
1.1875	0.609991
1.19	0.614086
1.1925	0.618177
1.195	0.622263
1.1975	0.626345
1.2	0.630422
1.2025	0.634495
1.205	0.638563
1.2075	0.642627
1.21	0.646687
1.2125	0.650743
1.215	0.654795
1.2175	0.658843
1.22	0.662887
1.2225	0.666927
1.225	0.670963
1.2275	0.674996
1.23	0.679025
1.2325	0.68305
1.235	0.687073
1.2375	0.691091
1.24	0.695107
1.2425	0.699119
1.245	0.703128
1.2475	0.707134
1.25	0.711137
1.2525	0.715137
1.255	0.719134
1.2575	0.723128
1.26	0.72712
1.2625	0.731108
1.265	0.735095
1.2675	0.739078
1.27	0.74306
1.2725	0.747039
1.275	0.751015
1.2775	0.754989
1.28	0.758962
1.2825	0.762932
1.285	0.7669
1.2875	0.770865
1.29	0.77483
1.2925	0.778792
1.295	0.782752
1.2975	0.786711
1.3	0.790668
1.3025	0.794624
1.305	0.798578
1.3075	0.80253
1.31	0.806481
1.3125	0.810431
1.315	0.81438
1.3175	0.818328
1.32	0.822274
1.3225	0.826219
1.325	0.830164
1.3275	0.834107
1.33	0.838049
1.3325	0.841991
1.335	0.845932
1.3375	0.849873
1.34	0.853812
1.3425	0.857751
1.345	0.86169
1.3475	0.865628
1.35	0.869566
1.3525	0.873504
1.355	0.877441
1.3575	0.881378
1.36	0.885315
1.3625	0.889252
1.365	0.893189
1.3675	0.897126
1.37	0.901063
1.3725	0.905001
1.375	0.908938
1.3775	0.912876
1.38	0.916814
1.3825	0.920753
1.385	0.924692
1.3875	0.928631
1.39	0.932571
1.3925	0.936512
1.395	0.940453
1.3975	0.944395
1.4	0.948338
1.4025	0.952282
1.405	0.956226
1.4075	0.960172
1.41	0.964119
1.4125	0.968066
1.415	0.972015
1.4175	0.975965
1.42	0.979916
1.4225	0.983868
1.425	0.987821
1.4275	0.991776
1.43	0.995733
1.4325	0.99969
1.435	1.00365
1.4375	1.00761
1.44	1.01157
1.4425	1.01554
1.445	1.0195
1.4475	1.02347
1.45	1.02744
1.4525	1.03141
1.455	1.03538
1.4575	1.03936
1.46	1.04334
1.4625	1.04732
1.465	1.0513
1.4675	1.05528
1.47	1.05926
1.4725	1.06325
1.475	1.06724
1.4775	1.07123
1.48	1.07523
1.4825	1.07923
1.485	1.08322
1.4875	1.08723
1.49	1.09123
1.4925	1.09524
1.495	1.09925
1.4975	1.10326
1.5	1.10727
1.5025	1.11129
1.505	1.11531
1.5075	1.11933
1.51	1.12336
1.5125	1.12739
1.515	1.13142
1.5175	1.13545
1.52	1.13949
1.5225	1.14353
1.525	1.14757
1.5275	1.15162
1.53	1.15567
1.5325	1.15972
1.535	1.16378
1.5375	1.16784
1.54	1.1719
1.5425	1.17597
1.545	1.18003
1.5475	1.18411
1.55	1.18818
1.5525	1.19226
1.555	1.19634
1.5575	1.20043
1.56	1.20452
1.5625	1.20861
1.565	1.21271
1.5675	1.21681
1.57	1.22092
1.5725	1.22502
1.575	1.22914
1.5775	1.23325
1.58	1.23737
1.5825	1.24149
1.585	1.24562
1.5875	1.24975
1.59	1.25389
1.5925	1.25802
1.595	1.26217
1.5975	1.26631
1.6	1.27046
1.6025	1.27462
1.605	1.27878
1.6075	1.28294
1.61	1.28711
1.6125	1.29128
1.615	1.29545
1.6175	1.29963
1.62	1.30382
1.6225	1.308
1.625	1.3122
1.6275	1.31639
1.63	1.32059
1.6325	1.3248
1.635	1.32901
1.6375	1.33322
1.64	1.33744
1.6425	1.34166
1.645	1.34589
1.6475	1.35012
1.65	1.35436
1.6525	1.3586
1.655	1.36285
1.6575	1.3671
1.66	1.37135
1.6625	1.37561
1.665	1.37987
1.6675	1.38414
1.67	1.38842
1.6725	1.39269
1.675	1.39698
1.6775	1.40127
1.68	1.40556
1.6825	1.40985
1.685	1.41416
1.6875	1.41846
1.69	1.42278
1.6925	1.42709
1.695	1.43141
1.6975	1.43574
1.7	1.44007
1.7025	1.44441
1.705	1.44875
1.7075	1.45309
1.71	1.45745
1.7125	1.4618
1.715	1.46616
1.7175	1.47053
1.72	1.4749
1.7225	1.47928
1.725	1.48366
1.7275	1.48805
1.73	1.49244
1.7325	1.49683
1.735	1.50124
1.7375	1.50564
1.74	1.51006
1.7425	1.51447
1.745	1.5189
1.7475	1.52333
1.75	1.52776
1.7525	1.5322
1.755	1.53664
1.7575	1.54109
1.76	1.54555
1.7625	1.55001
1.765	1.55447
1.7675	1.55894
1.77	1.56342
1.7725	1.5679
1.775	1.57239
1.7775	1.57688
1.78	1.58138
1.7825	1.58588
1.785	1.59039
1.7875	1.5949
1.79	1.59942
1.7925	1.60395
1.795	1.60848
1.7975	1.61301
1.8	1.61755
1.8025	1.6221
1.805	1.62665
1.8075	1.63121
1.81	1.63577
1.8125	1.64034
1.815	1.64492
1.8175	1.6495
1.82	1.65408
1.8225	1.65867
1.825	1.66327
1.8275	1.66787
1.83	1.67248
1.8325	1.6771
1.835	1.68171
1.8375	1.68634
1.84	1.69097
1.8425	1.69561
1.845	1.70025
1.8475	1.7049
1.85	1.70955
1.8525	1.71421
1.855	1.71888
1.8575	1.72355
1.86	1.72822
1.8625	1.7329
1.865	1.73759
1.8675	1.74229
1.87	1.74699
1.8725	1.75169
1.875	1.7564
1.8775	1.76112
1.88	1.76584
1.8825	1.77057
1.885	1.7753
1.8875	1.78004
1.89	1.78479
1.8925	1.78954
1.895	1.7943
1.8975	1.79906
1.9	1.80383
1.9025	1.80861
1.905	1.81339
1.9075	1.81818
1.91	1.82297
1.9125	1.82777
1.915	1.83257
1.9175	1.83738
1.92	1.8422
1.9225	1.84702
1.925	1.85185
1.9275	1.85668
1.93	1.86152
1.9325	1.86637
1.935	1.87122
1.9375	1.87608
1.94	1.88094
1.9425	1.88581
1.945	1.89069
1.9475	1.89557
1.95	1.90046
1.9525	1.90535
1.955	1.91025
1.9575	1.91515
1.96	1.92007
1.9625	1.92498
1.965	1.92991
1.9675	1.93484
1.97	1.93977
1.9725	1.94471
1.975	1.94966
1.9775	1.95461
1.98	1.95957
1.9825	1.96454
1.985	1.96951
1.9875	1.97449
1.99	1.97947
1.9925	1.98446
1.995	1.98946
1.9975	1.99446
2	1.99946
2.0025	2.00448
2.005	2.0095
2.0075	2.01452
2.01	2.01956
2.0125	2.02459
2.015	2.02964
2.0175	2.03469
2.02	2.03974
2.0225	2.04481
2.025	2.04987
2.0275	2.05495
2.03	2.06003
2.0325	2.06512
2.035	2.07021
2.0375	2.07531
2.04	2.08041
2.0425	2.08552
2.045	2.09064
2.0475	2.09576
2.05	2.10089
2.0525	2.10603
2.055	2.11117
2.0575	2.11632
2.06	2.12147
2.0625	2.12663
2.065	2.1318
2.0675	2.13697
2.07	2.14215
2.0725	2.14733
2.075	2.15252
2.0775	2.15772
2.08	2.16292
2.0825	2.16813
2.085	2.17335
2.0875	2.17857
2.09	2.18379
2.0925	2.18903
2.095	2.19427
2.0975	2.19951
2.1	2.20476
2.1025	2.21002
2.105	2.21529
2.1075	2.22056
2.11	2.22583
2.1125	2.23112
2.115	2.2364
2.1175	2.2417
2.12	2.247
2.1225	2.25231
2.125	2.25762
2.1275	2.26294
2.13	2.26827
2.1325	2.2736
2.135	2.27894
2.1375	2.28428
2.14	2.28963
2.1425	2.29499
2.145	2.30035
2.1475	2.30572
2.15	2.3111
2.1525	2.31648
2.155	2.32186
2.1575	2.32726
2.16	2.33266
2.1625	2.33806
2.165	2.34348
2.1675	2.3489
2.17	2.35432
2.1725	2.35975
2.175	2.36519
2.1775	2.37063
2.18	2.37608
2.1825	2.38154
2.185	2.387
2.1875	2.39247
2.19	2.39794
2.1925	2.40342
2.195	2.40891
2.1975	2.4144
2.2	2.4199
2.2025	2.42541
2.205	2.43092
2.2075	2.43643
2.21	2.44196
2.2125	2.44749
2.215	2.45303
2.2175	2.45857
2.22	2.46412
2.2225	2.46967
2.225	2.47523
2.2275	2.4808
2.23	2.48637
2.2325	2.49195
2.235	2.49754
2.2375	2.50313
2.24	2.50873
2.2425	2.51433
2.245	2.51995
2.2475	2.52556
2.25	2.53119
2.2525	2.53682
2.255	2.54245
2.2575	2.54809
2.26	2.55374
2.2625	2.5594
2.265	2.56506
2.2675	2.57072
2.27	2.5764
2.2725	2.58208
2.275	2.58776
2.2775	2.59345
2.28	2.59915
2.2825	2.60486
2.285	2.61057
2.2875	2.61628
2.29	2.62201
2.2925	2.62773
2.295	2.63347
2.2975	2.63921
2.3	2.64496
2.3025	2.65071
2.305	2.65647
2.3075	2.66224
2.31	2.66801
2.3125	2.67379
2.315	2.67958
2.3175	2.68537
2.32	2.69117
2.3225	2.69697
2.325	2.70278
2.3275	2.7086
2.33	2.71442
2.3325	2.72025
2.335	2.72608
2.3375	2.73192
2.34	2.73777
2.3425	2.74363
2.345	2.74949
2.3475	2.75535
2.35	2.76122
2.3525	2.7671
2.355	2.77299
2.3575	2.77888
2.36	2.78478
2.3625	2.79068
2.365	2.79659
2.3675	2.80251
2.37	2.80843
2.3725	2.81436
2.375	2.82029
2.3775	2.82623
2.38	2.83218
2.3825	2.83813
2.385	2.84409
2.3875	2.85006
2.39	2.85603
2.3925	2.86201
2.395	2.868
2.3975	2.87399
2.4	2.87998
2.4025	2.88599
2.405	2.892
2.4075	2.89801
2.41	2.90404
2.4125	2.91006
2.415	2.9161
2.4175	2.92214
2.42	2.92819
2.4225	2.93424
2.425	2.9403
2.4275	2.94637
2.43	2.95244
2.4325	2.95852
2.435	2.9646
2.4375	2.97069
2.44	2.97679
2.4425	2.98289
2.445	2.989
2.4475	2.99512
2.45	3.00124
2.4525	3.00737
2.455	3.0135
2.4575	3.01964
2.46	3.02579
2.4625	3.03194
2.465	3.0381
2.4675	3.04427
2.47	3.05044
2.4725	3.05662
2.475	3.0628
2.4775	3.069
2.48	3.07519
2.4825	3.0814
2.485	3.08761
2.4875	3.09382
2.49	3.10004
2.4925	3.10627
2.495	3.11251
2.4975	3.11875
2.5	3.12499
2.5025	3.13125
2.505	3.13751
2.5075	3.14377
2.51	3.15004
2.5125	3.15632
2.515	3.16261
2.5175	3.1689
2.52	3.1752
2.5225	3.1815
2.525	3.18781
2.5275	3.19412
2.53	3.20045
2.5325	3.20677
2.535	3.21311
2.5375	3.21945
2.54	3.2258
2.5425	3.23215
2.545	3.23851
2.5475	3.24487
2.55	3.25125
2.5525	3.25762
2.555	3.26401
2.5575	3.2704
2.56	3.2768
2.5625	3.2832
2.565	3.28961
2.5675	3.29603
2.57	3.30245
2.5725	3.30888
2.575	3.31531
2.5775	3.32175
2.58	3.3282
2.5825	3.33465
2.585	3.34111
2.5875	3.34758
2.59	3.35405
2.5925	3.36053
2.595	3.36701
2.5975	3.3735
2.6	3.38
2.6025	3.3865
2.605	3.39301
2.6075	3.39953
2.61	3.40605
2.6125	3.41258
2.615	3.41911
2.6175	3.42565
2.62	3.4322
2.6225	3.43875
2.625	3.44531
2.6275	3.45188
2.63	3.45845
2.6325	3.46503
2.635	3.47161
2.6375	3.4782
2.64	3.4848
2.6425	3.4914
2.645	3.49801
2.6475	3.50463
2.65	3.51125
2.6525	3.51788
2.655	3.52451
2.6575	3.53115
2.66	3.5378
2.6625	3.54445
2.665	3.55111
2.6675	3.55778
2.67	3.56445
2.6725	3.57113
2.675	3.57781
2.6775	3.5845
2.68	3.5912
2.6825	3.5979
2.685	3.60461
2.6875	3.61133
2.69	3.61805
2.6925	3.62478
2.695	3.63151
2.6975	3.63825
2.7	3.645
2.7025	3.65175
2.705	3.65851
2.7075	3.66528
2.71	3.67205
2.7125	3.67883
2.715	3.68561
2.7175	3.6924
2.72	3.6992
2.7225	3.706
2.725	3.71281
2.7275	3.71963
2.73	3.72645
2.7325	3.73328
2.735	3.74011
2.7375	3.74695
2.74	3.7538
2.7425	3.76065
2.745	3.76751
2.7475	3.77438
2.75	3.78125
2.7525	3.78813
2.755	3.79501
2.7575	3.8019
2.76	3.8088
2.7625	3.8157
2.765	3.82261
2.7675	3.82953
2.77	3.83645
2.7725	3.84338
2.775	3.85031
2.7775	3.85725
2.78	3.8642
2.7825	3.87115
2.785	3.87811
2.7875	3.88508
2.79	3.89205
2.7925	3.89903
2.795	3.90601
2.7975	3.913
2.8	3.92
2.8025	3.927
2.805	3.93401
2.8075	3.94103
2.81	3.94805
2.8125	3.95508
2.815	3.96211
2.8175	3.96915
2.82	3.9762
2.8225	3.98325
2.825	3.99031
2.8275	3.99738
2.83	4.00445
2.8325	4.01153
2.835	4.01861
2.8375	4.0257
2.84	4.0328
2.8425	4.0399
2.845	4.04701
2.8475	4.05413
2.85	4.06125
2.8525	4.06838
2.855	4.07551
2.8575	4.08265
2.86	4.0898
2.8625	4.09695
2.865	4.10411
2.8675	4.11128
2.87	4.11845
2.8725	4.12563
2.875	4.13281
2.8775	4.14
2.88	4.1472
2.8825	4.1544
2.885	4.16161
2.8875	4.16883
2.89	4.17605
2.8925	4.18328
2.895	4.19051
2.8975	4.19775
2.9	4.205
2.9025	4.21225
2.905	4.21951
2.9075	4.22678
2.91	4.23405
2.9125	4.24133
2.915	4.24861
2.9175	4.2559
2.92	4.2632
2.9225	4.2705
2.925	4.27781
2.9275	4.28513
2.93	4.29245
2.9325	4.29978
2.935	4.30711
2.9375	4.31445
2.94	4.3218
2.9425	4.32915
2.945	4.33651
2.9475	4.34388
2.95	4.35125
2.9525	4.35863
2.955	4.36601
2.9575	4.3734
2.96	4.3808
2.9625	4.3882
2.965	4.39561
2.9675	4.40303
2.97	4.41045
2.9725	4.41788
2.975	4.42531
2.9775	4.43275
2.98	4.4402
2.9825	4.44765
2.985	4.45511
2.9875	4.46258
2.99	4.47005
2.9925	4.47753
2.995	4.48501
2.9975	4.4925
3	4.5
3.0025	4.5075
3.005	4.51501
3.0075	4.52253
3.01	4.53005
3.0125	4.53758
3.015	4.54511
3.0175	4.55265
3.02	4.5602
3.0225	4.56775
3.025	4.57531
3.0275	4.58288
3.03	4.59045
3.0325	4.59803
3.035	4.60561
3.0375	4.6132
3.04	4.6208
3.0425	4.6284
3.045	4.63601
3.0475	4.64363
3.05	4.65125
3.0525	4.65888
3.055	4.66651
3.0575	4.67415
3.06	4.6818
3.0625	4.68945
3.065	4.69711
3.0675	4.70478
3.07	4.71245
3.0725	4.72013
3.075	4.72781
3.0775	4.7355
3.08	4.7432
3.0825	4.7509
3.085	4.75861
3.0875	4.76633
3.09	4.77405
3.0925	4.78178
3.095	4.78951
3.0975	4.79725
3.1	4.805
3.1025	4.81275
3.105	4.82051
3.1075	4.82828
3.11	4.83605
3.1125	4.84383
3.115	4.85161
3.1175	4.8594
3.12	4.8672
3.1225	4.875
3.125	4.88281
3.1275	4.89063
3.13	4.89845
3.1325	4.90628
3.135	4.91411
3.1375	4.92195
3.14	4.9298
3.1425	4.93765
3.145	4.94551
3.1475	4.95338
3.15	4.96125
3.1525	4.96913
3.155	4.97701
3.1575	4.9849
3.16	4.9928
3.1625	5.0007
3.165	5.00861
3.1675	5.01653
3.17	5.02445
3.1725	5.03238
3.175	5.04031
3.1775	5.04825
3.18	5.0562
3.1825	5.06415
3.185	5.07211
3.1875	5.08008
3.19	5.08805
3.1925	5.09603
3.195	5.10401
3.1975	5.112
3.2	5.12
3.2025	5.128
3.205	5.13601
3.2075	5.14403
3.21	5.15205
3.2125	5.16008
3.215	5.16811
3.2175	5.17615
3.22	5.1842
3.2225	5.19225
3.225	5.20031
3.2275	5.20838
3.23	5.21645
3.2325	5.22453
3.235	5.23261
3.2375	5.2407
3.24	5.2488
3.2425	5.2569
3.245	5.26501
3.2475	5.27313
3.25	5.28125
3.2525	5.28938
3.255	5.29751
3.2575	5.30565
3.26	5.3138
3.2625	5.32195
3.265	5.33011
3.2675	5.33828
3.27	5.34645
3.2725	5.35463
3.275	5.36281
3.2775	5.371
3.28	5.3792
3.2825	5.3874
3.285	5.39561
3.2875	5.40383
3.29	5.41205
3.2925	5.42028
3.295	5.42851
3.2975	5.43675
3.3	5.445
3.3025	5.45325
3.305	5.46151
3.3075	5.46978
3.31	5.47805
3.3125	5.48633
3.315	5.49461
3.3175	5.5029
3.32	5.5112
3.3225	5.5195
3.325	5.52781
3.3275	5.53613
3.33	5.54445
3.3325	5.55278
3.335	5.56111
3.3375	5.56945
3.34	5.5778
3.3425	5.58615
3.345	5.59451
3.3475	5.60288
3.35	5.61125
3.3525	5.61963
3.355	5.62801
3.3575	5.6364
3.36	5.6448
3.3625	5.6532
3.365	5.66161
3.3675	5.67003
3.37	5.67845
3.3725	5.68688
3.375	5.69531
3.3775	5.70375
3.38	5.7122
3.3825	5.72065
3.385	5.72911
3.3875	5.73758
3.39	5.74605
3.3925	5.75453
3.395	5.76301
3.3975	5.7715
3.4	5.78
3.4025	5.7885
3.405	5.79701
3.4075	5.80553
3.41	5.81405
3.4125	5.82258
3.415	5.83111
3.4175	5.83965
3.42	5.8482
3.4225	5.85675
3.425	5.86531
3.4275	5.87388
3.43	5.88245
3.4325	5.89103
3.435	5.89961
3.4375	5.9082
3.44	5.9168
3.4425	5.9254
3.445	5.93401
3.4475	5.94263
3.45	5.95125
3.4525	5.95988
3.455	5.96851
3.4575	5.97715
3.46	5.9858
3.4625	5.99445
3.465	6.00311
3.4675	6.01178
3.47	6.02045
3.4725	6.02913
3.475	6.03781
3.4775	6.0465
3.48	6.0552
3.4825	6.0639
3.485	6.07261
3.4875	6.08133
3.49	6.09005
3.4925	6.09878
3.495	6.10751
3.4975	6.11625
3.5	6.125
3.5025	6.13375
3.505	6.14251
3.5075	6.15128
3.51	6.16005
3.5125	6.16883
3.515	6.17761
3.5175	6.1864
3.52	6.1952
3.5225	6.204
3.525	6.21281
3.5275	6.22163
3.53	6.23045
3.5325	6.23928
3.535	6.24811
3.5375	6.25695
3.54	6.2658
3.5425	6.27465
3.545	6.28351
3.5475	6.29238
3.55	6.30125
3.5525	6.31013
3.555	6.31901
3.5575	6.3279
3.56	6.3368
3.5625	6.3457
3.565	6.35461
3.5675	6.36353
3.57	6.37245
3.5725	6.38138
3.575	6.39031
3.5775	6.39925
3.58	6.4082
3.5825	6.41715
3.585	6.42611
3.5875	6.43508
3.59	6.44405
3.5925	6.45303
3.595	6.46201
3.5975	6.471
3.6	6.48
3.6025	6.489
3.605	6.49801
3.6075	6.50703
3.61	6.51605
3.6125	6.52508
3.615	6.53411
3.6175	6.54315
3.62	6.5522
3.6225	6.56125
3.625	6.57031
3.6275	6.57938
3.63	6.58845
3.6325	6.59753
3.635	6.60661
3.6375	6.6157
3.64	6.6248
3.6425	6.6339
3.645	6.64301
3.6475	6.65213
3.65	6.66125
3.6525	6.67038
3.655	6.67951
3.6575	6.68865
3.66	6.6978
3.6625	6.70695
3.665	6.71611
3.6675	6.72528
3.67	6.73445
3.6725	6.74363
3.675	6.75281
3.6775	6.762
3.68	6.7712
3.6825	6.7804
3.685	6.78961
3.6875	6.79883
3.69	6.80805
3.6925	6.81728
3.695	6.82651
3.6975	6.83575
3.7	6.845
3.7025	6.85425
3.705	6.86351
3.7075	6.87278
3.71	6.88205
3.7125	6.89133
3.715	6.90061
3.7175	6.9099
3.72	6.9192
3.7225	6.9285
3.725	6.93781
3.7275	6.94713
3.73	6.95645
3.7325	6.96578
3.735	6.97511
3.7375	6.98445
3.74	6.9938
3.7425	7.00315
3.745	7.01251
3.7475	7.02188
3.75	7.03125
3.7525	7.04063
3.755	7.05001
3.7575	7.0594
3.76	7.0688
3.7625	7.0782
3.765	7.08761
3.7675	7.09703
3.77	7.10645
3.7725	7.11588
3.775	7.12531
3.7775	7.13475
3.78	7.1442
3.7825	7.15365
3.785	7.16311
3.7875	7.17258
3.79	7.18205
3.7925	7.19153
3.795	7.20101
3.7975	7.2105
3.8	7.22
3.8025	7.2295
3.805	7.23901
3.8075	7.24853
3.81	7.25805
3.8125	7.26758
3.815	7.27711
3.8175	7.28665
3.82	7.2962
3.8225	7.30575
3.825	7.31531
3.8275	7.32488
3.83	7.33445
3.8325	7.34403
3.835	7.35361
3.8375	7.3632
3.84	7.3728
3.8425	7.3824
3.845	7.39201
3.8475	7.40163
3.85	7.41125
3.8525	7.42088
3.855	7.43051
3.8575	7.44015
3.86	7.4498
3.8625	7.45945
3.865	7.46911
3.8675	7.47878
3.87	7.48845
3.8725	7.49813
3.875	7.50781
3.8775	7.5175
3.88	7.5272
3.8825	7.5369
3.885	7.54661
3.8875	7.55633
3.89	7.56605
3.8925	7.57578
3.895	7.58551
3.8975	7.59525
3.9	7.605
3.9025	7.61475
3.905	7.62451
3.9075	7.63428
3.91	7.64405
3.9125	7.65383
3.915	7.66361
3.9175	7.6734
3.92	7.6832
3.9225	7.693
3.925	7.70281
3.9275	7.71263
3.93	7.72245
3.9325	7.73228
3.935	7.74211
3.9375	7.75195
3.94	7.7618
3.9425	7.77165
3.945	7.78151
3.9475	7.79138
3.95	7.80125
3.9525	7.81113
3.955	7.82101
3.9575	7.8309
3.96	7.8408
3.9625	7.8507
3.965	7.86061
3.9675	7.87053
3.97	7.88045
3.9725	7.89038
3.975	7.90031
3.9775	7.91025
3.98	7.9202
3.9825	7.93015
3.985	7.94011
3.9875	7.95008
3.99	7.96005
3.9925	7.97003
3.995	7.98001
3.9975	7.99
4	8
4.0025	8.01
4.005	8.02001
4.0075	8.03003
4.01	8.04005
4.0125	8.05008
4.015	8.06011
4.0175	8.07015
4.02	8.0802
4.0225	8.09025
4.025	8.10031
4.0275	8.11038
4.03	8.12045
4.0325	8.13053
4.035	8.14061
4.0375	8.1507
4.04	8.1608
4.0425	8.1709
4.045	8.18101
4.0475	8.19113
4.05	8.20125
4.0525	8.21138
4.055	8.22151
4.0575	8.23165
4.06	8.2418
4.0625	8.25195
4.065	8.26211
4.0675	8.27228
4.07	8.28245
4.0725	8.29263
4.075	8.30281
4.0775	8.313
4.08	8.3232
4.0825	8.3334
4.085	8.34361
4.0875	8.35383
4.09	8.36405
4.0925	8.37428
4.095	8.38451
4.0975	8.39475
4.1	8.405
4.1025	8.41525
4.105	8.42551
4.1075	8.43578
4.11	8.44605
4.1125	8.45633
4.115	8.46661
4.1175	8.4769
4.12	8.4872
4.1225	8.4975
4.125	8.50781
4.1275	8.51813
4.13	8.52845
4.1325	8.53878
4.135	8.54911
4.1375	8.55945
4.14	8.5698
4.1425	8.58015
4.145	8.59051
4.1475	8.60088
4.15	8.61125
4.1525	8.62163
4.155	8.63201
4.1575	8.6424
4.16	8.6528
4.1625	8.6632
4.165	8.67361
4.1675	8.68403
4.17	8.69445
4.1725	8.70488
4.175	8.71531
4.1775	8.72575
4.18	8.7362
4.1825	8.74665
4.185	8.75711
4.1875	8.76758
4.19	8.77805
4.1925	8.78853
4.195	8.79901
4.1975	8.8095
4.2	8.82
4.2025	8.8305
4.205	8.84101
4.2075	8.85153
4.21	8.86205
4.2125	8.87258
4.215	8.88311
4.2175	8.89365
4.22	8.9042
4.2225	8.91475
4.225	8.92531
4.2275	8.93588
4.23	8.94645
4.2325	8.95703
4.235	8.96761
4.2375	8.9782
4.24	8.9888
4.2425	8.9994
4.245	9.01001
4.2475	9.02063
4.25	9.03125
4.2525	9.04188
4.255	9.05251
4.2575	9.06315
4.26	9.0738
4.2625	9.08445
4.265	9.09511
4.2675	9.10578
4.27	9.11645
4.2725	9.12713
4.275	9.13781
4.2775	9.1485
4.28	9.1592
4.2825	9.1699
4.285	9.18061
4.2875	9.19133
4.29	9.20205
4.2925	9.21278
4.295	9.22351
4.2975	9.23425
4.3	9.245
4.3025	9.25575
4.305	9.26651
4.3075	9.27728
4.31	9.28805
4.3125	9.29883
4.315	9.30961
4.3175	9.3204
4.32	9.3312
4.3225	9.342
4.325	9.35281
4.3275	9.36363
4.33	9.37445
4.3325	9.38528
4.335	9.39611
4.3375	9.40695
4.34	9.4178
4.3425	9.42865
4.345	9.43951
4.3475	9.45038
4.35	9.46125
4.3525	9.47213
4.355	9.48301
4.3575	9.4939
4.36	9.5048
4.3625	9.5157
4.365	9.52661
4.3675	9.53753
4.37	9.54845
4.3725	9.55938
4.375	9.57031
4.3775	9.58125
4.38	9.5922
4.3825	9.60315
4.385	9.61411
4.3875	9.62508
4.39	9.63605
4.3925	9.64703
4.395	9.65801
4.3975	9.669
4.4	9.68
4.4025	9.691
4.405	9.70201
4.4075	9.71303
4.41	9.72405
4.4125	9.73508
4.415	9.74611
4.4175	9.75715
4.42	9.7682
4.4225	9.77925
4.425	9.79031
4.4275	9.80138
4.43	9.81245
4.4325	9.82353
4.435	9.83461
4.4375	9.8457
4.44	9.8568
4.4425	9.8679
4.445	9.87901
4.4475	9.89013
4.45	9.90125
4.4525	9.91238
4.455	9.92351
4.4575	9.93465
4.46	9.9458
4.4625	9.95695
4.465	9.96811
4.4675	9.97928
4.47	9.99045
4.4725	10.0016
4.475	10.0128
4.4775	10.024
4.48	10.0352
4.4825	10.0464
4.485	10.0576
4.4875	10.0688
4.49	10.0801
4.4925	10.0913
4.495	10.1025
4.4975	10.1138
4.5	10.125
4.5025	10.1363
4.505	10.1475
4.5075	10.1588
4.51	10.1701
4.5125	10.1813
4.515	10.1926
4.5175	10.2039
4.52	10.2152
4.5225	10.2265
4.525	10.2378
4.5275	10.2491
4.53	10.2605
4.5325	10.2718
4.535	10.2831
4.5375	10.2945
4.54	10.3058
4.5425	10.3172
4.545	10.3285
4.5475	10.3399
4.55	10.3513
4.5525	10.3626
4.555	10.374
4.5575	10.3854
4.56	10.3968
4.5625	10.4082
4.565	10.4196
4.5675	10.431
4.57	10.4425
4.5725	10.4539
4.575	10.4653
4.5775	10.4768
4.58	10.4882
4.5825	10.4997
4.585	10.5111
4.5875	10.5226
4.59	10.5341
4.5925	10.5455
4.595	10.557
4.5975	10.5685
4.6	10.58
4.6025	10.5915
4.605	10.603
4.6075	10.6145
4.61	10.6261
4.6125	10.6376
4.615	10.6491
4.6175	10.6607
4.62	10.6722
4.6225	10.6838
4.625	10.6953
4.6275	10.7069
4.63	10.7185
4.6325	10.73
4.635	10.7416
4.6375	10.7532
4.64	10.7648
4.6425	10.7764
4.645	10.788
4.6475	10.7996
4.65	10.8113
4.6525	10.8229
4.655	10.8345
4.6575	10.8462
4.66	10.8578
4.6625	10.8695
4.665	10.8811
4.6675	10.8928
4.67	10.9045
4.6725	10.9161
4.675	10.9278
4.6775	10.9395
4.68	10.9512
4.6825	10.9629
4.685	10.9746
4.6875	10.9863
4.69	10.9981
4.6925	11.0098
4.695	11.0215
4.6975	11.0333
4.7	11.045
4.7025	11.0568
4.705	11.0685
4.7075	11.0803
4.71	11.0921
4.7125	11.1038
4.715	11.1156
4.7175	11.1274
4.72	11.1392
4.7225	11.151
4.725	11.1628
4.7275	11.1746
4.73	11.1865
4.7325	11.1983
4.735	11.2101
4.7375	11.222
4.74	11.2338
4.7425	11.2457
4.745	11.2575
4.7475	11.2694
4.75	11.2813
4.7525	11.2931
4.755	11.305
4.7575	11.3169
4.76	11.3288
4.7625	11.3407
4.765	11.3526
4.7675	11.3645
4.77	11.3765
4.7725	11.3884
4.775	11.4003
4.7775	11.4123
4.78	11.4242
4.7825	11.4362
4.785	11.4481
4.7875	11.4601
4.79	11.4721
4.7925	11.484
4.795	11.496
4.7975	11.508
4.8	11.52
4.8025	11.532
4.805	11.544
4.8075	11.556
4.81	11.5681
4.8125	11.5801
4.815	11.5921
4.8175	11.6042
4.82	11.6162
4.8225	11.6283
4.825	11.6403
4.8275	11.6524
4.83	11.6645
4.8325	11.6765
4.835	11.6886
4.8375	11.7007
4.84	11.7128
4.8425	11.7249
4.845	11.737
4.8475	11.7491
4.85	11.7613
4.8525	11.7734
4.855	11.7855
4.8575	11.7977
4.86	11.8098
4.8625	11.822
4.865	11.8341
4.8675	11.8463
4.87	11.8585
4.8725	11.8706
4.875	11.8828
4.8775	11.895
4.88	11.9072
4.8825	11.9194
4.885	11.9316
4.8875	11.9438
4.89	11.9561
4.8925	11.9683
4.895	11.9805
4.8975	11.9928
4.9	12.005
4.9025	12.0173
4.905	12.0295
4.9075	12.0418
4.91	12.0541
4.9125	12.0663
4.915	12.0786
4.9175	12.0909
4.92	12.1032
4.9225	12.1155
4.925	12.1278
4.9275	12.1401
4.93	12.1525
4.9325	12.1648
4.935	12.1771
4.9375	12.1895
4.94	12.2018
4.9425	12.2142
4.945	12.2265
4.9475	12.2389
4.95	12.2513
4.9525	12.2636
4.955	12.276
4.9575	12.2884
4.96	12.3008
4.9625	12.3132
4.965	12.3256
4.9675	12.338
4.97	12.3505
4.9725	12.3629
4.975	12.3753
4.9775	12.3878
4.98	12.4002
4.9825	12.4127
4.985	12.4251
4.9875	12.4376
4.99	12.4501
4.9925	12.4625
4.995	12.475
4.9975	12.4875
